ngram,freq_0,freq_1,log2_ratio_desastre,frecuencia_total
hiroshima,0.0,90.0,7.665092377943324,90.0
mh,0.0,72.0,7.345155580875053,72.0
northern,0.0,64.0,7.1764737462833725,64.0
legionnaires,0.0,62.0,7.1310307755222055,62.0
bomber,0.0,60.0,7.084109728134713,60.0
debris,0.0,50.0,6.823457973611913,50.0
malaysia,0.0,49.0,6.794603110939728,49.0
severe,0.0,47.0,6.735102099191066,47.0
spill,0.0,42.0,6.57463742699782,42.0
migrants,0.0,41.0,6.540285922207043,41.0
derailment,0.0,41.0,6.540285922207043,41.0
wreckage,0.0,40.0,6.505096493744744,40.0
outbreak,0.0,40.0,6.505096493744744,40.0
saudi,0.0,39.0,6.469027239037222,39.0
investigators,0.0,37.0,6.394065181355999,37.0
suspect,0.0,35.0,6.314993610364801,35.0
mosque,0.0,35.0,6.314993610364801,35.0
kills,0.0,34.0,6.273770947638288,34.0
hundreds,0.0,34.0,6.273770947638288,34.0
affected,0.0,32.0,6.187614303888573,32.0
typhoon,0.0,32.0,6.187614303888573,32.0
reunion,0.0,32.0,6.187614303888573,32.0
detonated,0.0,31.0,6.142526414360035,31.0
pkk,0.0,31.0,6.142526414360035,31.0
officials,0.0,30.0,6.095983828423005,30.0
airport,0.0,29.0,6.04788954022196,29.0
turkey,0.0,28.0,5.99813650502486,28.0
israeli,0.0,28.0,5.99813650502486,28.0
sue,0.0,27.0,5.9466062043847785,27.0
mp,0.0,26.0,5.893166945423317,26.0
declares,0.0,26.0,5.893166945423317,26.0
swallowed,0.0,25.0,5.837671832831614,25.0
saipan,0.0,25.0,5.837671832831614,25.0
helicopter,0.0,25.0,5.837671832831614,25.0
typhoondevastated,0.0,25.0,5.837671832831614,25.0
conclusively,0.0,25.0,5.837671832831614,25.0
abc,0.0,24.0,5.779956334975327,24.0
bestnaijamade,0.0,24.0,5.779956334975327,24.0
projected,0.0,24.0,5.779956334975327,24.0
aircraft,0.0,24.0,5.779956334975327,24.0
manslaughter,0.0,23.0,5.719835342537756,23.0
crews,0.0,23.0,5.719835342537756,23.0
signs,0.0,23.0,5.719835342537756,23.0
searching,0.0,23.0,5.719835342537756,23.0
trench,0.0,23.0,5.719835342537756,23.0
soudelor,0.0,22.0,5.657099587189793,22.0
refugio,0.0,22.0,5.657099587189793,22.0
feared,0.0,22.0,5.657099587189793,22.0
costlier,0.0,22.0,5.657099587189793,22.0
trains,0.0,21.0,5.5915112455622165,21.0
crisis,0.0,21.0,5.5915112455622165,21.0
fukushima,0.0,20.0,5.522798495478202,20.0
reuters,0.0,20.0,5.522798495478202,20.0
disea,0.0,19.0,5.450648709722367,19.0
mph,0.0,19.0,5.450648709722367,19.0
declaration,0.0,19.0,5.450648709722367,19.0
village,0.0,19.0,5.450648709722367,19.0
issued,0.0,19.0,5.450648709722367,19.0
marks,0.0,18.0,5.374699856489069,18.0
muslims,0.0,18.0,5.374699856489069,18.0
myanmar,0.0,18.0,5.374699856489069,18.0
mount,0.0,18.0,5.374699856489069,18.0
christian,0.0,18.0,5.374699856489069,18.0
temple,0.0,18.0,5.374699856489069,18.0
coaches,0.0,18.0,5.374699856489069,18.0
virgin,0.0,18.0,5.374699856489069,18.0
outrage,0.0,17.0,5.294529507805085,17.0
pradesh,0.0,17.0,5.294529507805085,17.0
theater,0.0,17.0,5.294529507805085,17.0
libya,0.0,17.0,5.294529507805085,17.0
madhya,0.0,17.0,5.294529507805085,17.0
flight,0.0,17.0,5.294529507805085,17.0
nagasaki,0.0,17.0,5.294529507805085,17.0
experts,0.0,17.0,5.294529507805085,17.0
landing,0.0,16.0,5.209640610218572,16.0
nws,0.0,16.0,5.209640610218572,16.0
bombs,0.0,16.0,5.209640610218572,16.0
militants,0.0,16.0,5.209640610218572,16.0
galactic,0.0,16.0,5.209640610218572,16.0
pakistani,0.0,16.0,5.209640610218572,16.0
cdt,0.0,15.0,5.1194428012469935,15.0
passengers,0.0,15.0,5.1194428012469935,15.0
pamela,0.0,15.0,5.1194428012469935,15.0
ebola,0.0,15.0,5.1194428012469935,15.0
rly,0.0,15.0,5.1194428012469935,15.0
waving,0.0,15.0,5.1194428012469935,15.0
crematoria,0.0,15.0,5.1194428012469935,15.0
geller,0.0,15.0,5.1194428012469935,15.0
richmond,0.0,14.0,5.02322748598769,14.0
marians,0.0,14.0,5.02322748598769,14.0
provoke,0.0,14.0,5.02322748598769,14.0
recount,0.0,14.0,5.02322748598769,14.0
firefighters,0.0,14.0,5.02322748598769,14.0
terror,0.0,14.0,5.02322748598769,14.0
central,0.0,14.0,5.02322748598769,14.0
taiwan,0.0,14.0,5.02322748598769,14.0
wildfire,2.0,69.0,4.9622594686962636,71.0
airlines,0.0,13.0,4.920133993023587,13.0
bombing,2.0,67.0,4.920133993023587,69.0
udhampur,0.0,13.0,4.920133993023587,13.0
alabama,0.0,13.0,4.920133993023587,13.0
wrought,0.0,13.0,4.920133993023587,13.0
killed,3.0,93.0,4.904786028690151,96.0
gunman,0.0,12.0,4.809102680634843,12.0
roosevelt,0.0,12.0,4.809102680634843,12.0
struggles,0.0,12.0,4.809102680634843,12.0
philippines,0.0,12.0,4.809102680634843,12.0
suspected,0.0,12.0,4.809102680634843,12.0
palestinian,0.0,12.0,4.809102680634843,12.0
plunging,0.0,12.0,4.809102680634843,12.0
cranes,0.0,12.0,4.809102680634843,12.0
cameroon,0.0,12.0,4.809102680634843,12.0
carrying,0.0,11.0,4.688808446917132,11.0
victim,0.0,11.0,4.688808446917132,11.0
millions,0.0,11.0,4.688808446917132,11.0
exchanging,0.0,11.0,4.688808446917132,11.0
express,0.0,11.0,4.688808446917132,11.0
destroys,0.0,11.0,4.688808446917132,11.0
atomic,2.0,56.0,4.663497358387944,58.0
modified,0.0,10.0,4.557563913638879,10.0
usgs,0.0,10.0,4.557563913638879,10.0
municipal,0.0,10.0,4.557563913638879,10.0
hwy,0.0,10.0,4.557563913638879,10.0
repatriated,0.0,10.0,4.557563913638879,10.0
sh,0.0,10.0,4.557563913638879,10.0
buses,0.0,10.0,4.557563913638879,10.0
region,0.0,10.0,4.557563913638879,10.0
oklahoma,0.0,10.0,4.557563913638879,10.0
civilian,0.0,10.0,4.557563913638879,10.0
captures,0.0,10.0,4.557563913638879,10.0
incident,0.0,10.0,4.557563913638879,10.0
fears,0.0,10.0,4.557563913638879,10.0
mediterranean,0.0,10.0,4.557563913638879,10.0
grows,0.0,10.0,4.557563913638879,10.0
spaceship,0.0,10.0,4.557563913638879,10.0
wildfires,0.0,10.0,4.557563913638879,10.0
yyc,0.0,10.0,4.557563913638879,10.0
rocky,0.0,10.0,4.557563913638879,10.0
hawaii,0.0,10.0,4.557563913638879,10.0
examining,0.0,10.0,4.557563913638879,10.0
abstorm,0.0,9.0,4.413174004303704,9.0
soldiers,0.0,9.0,4.413174004303704,9.0
main,0.0,9.0,4.413174004303704,9.0
nc,0.0,9.0,4.413174004303704,9.0
tram,0.0,9.0,4.413174004303704,9.0
french,0.0,9.0,4.413174004303704,9.0
mumbai,0.0,9.0,4.413174004303704,9.0
manchester,0.0,9.0,4.413174004303704,9.0
areas,0.0,9.0,4.413174004303704,9.0
worldnews,0.0,9.0,4.413174004303704,9.0
canyon,0.0,9.0,4.413174004303704,9.0
ar,0.0,9.0,4.413174004303704,9.0
confirms,0.0,9.0,4.413174004303704,9.0
bin,0.0,9.0,4.413174004303704,9.0
motorcyclist,0.0,9.0,4.413174004303704,9.0
sismo,0.0,9.0,4.413174004303704,9.0
spos,0.0,9.0,4.413174004303704,9.0
antioch,0.0,9.0,4.413174004303704,9.0
cases,0.0,9.0,4.413174004303704,9.0
confirmed,2.0,45.0,4.351113036171452,47.0
california,6.0,111.0,4.265706672639332,117.0
rail,0.0,8.0,4.252709332110458,8.0
iraq,0.0,8.0,4.252709332110458,8.0
afternoon,0.0,8.0,4.252709332110458,8.0
edt,0.0,8.0,4.252709332110458,8.0
tropical,0.0,8.0,4.252709332110458,8.0
laden,0.0,8.0,4.252709332110458,8.0
georgia,0.0,8.0,4.252709332110458,8.0
warning,2.0,42.0,4.252709332110458,44.0
capsizes,0.0,8.0,4.252709332110458,8.0
forecast,0.0,8.0,4.252709332110458,8.0
malaysian,0.0,8.0,4.252709332110458,8.0
bombings,0.0,8.0,4.252709332110458,8.0
genocide,0.0,8.0,4.252709332110458,8.0
science,0.0,8.0,4.252709332110458,8.0
pilot,0.0,8.0,4.252709332110458,8.0
parleys,0.0,8.0,4.252709332110458,8.0
mediterran,0.0,8.0,4.252709332110458,8.0
thunderstorms,0.0,8.0,4.252709332110458,8.0
advisory,0.0,8.0,4.252709332110458,8.0
warnings,0.0,8.0,4.252709332110458,8.0
bicyclist,0.0,8.0,4.252709332110458,8.0
situation,0.0,8.0,4.252709332110458,8.0
ridge,0.0,8.0,4.252709332110458,8.0
residents,0.0,8.0,4.252709332110458,8.0
acres,0.0,8.0,4.252709332110458,8.0
highway,0.0,8.0,4.252709332110458,8.0
terrorists,0.0,8.0,4.252709332110458,8.0
legacy,0.0,8.0,4.252709332110458,8.0
suicide,6.0,110.0,4.252709332110458,116.0
related,0.0,8.0,4.252709332110458,8.0
learning,0.0,8.0,4.252709332110458,8.0
homes,3.0,58.0,4.228256288385919,61.0
anniversary,2.0,33.0,3.9094075864305284,35.0
japan,4.0,50.0,3.653532972169601,54.0
officer,2.0,27.0,3.624678109497416,29.0
families,7.0,81.0,3.607084049482678,88.0
yearold,2.0,25.0,3.5157437379442515,27.0
rescuers,3.0,35.0,3.5076386883071966,38.0
bigger,2.0,23.0,3.3979072476503935,25.0
utc,2.0,22.0,3.335171492302431,24.0
yr,3.0,31.0,3.335171492302431,34.0
plane,3.0,30.0,3.2886289063654006,33.0
razed,3.0,30.0,3.2886289063654006,33.0
amid,2.0,21.0,3.2695831506748543,23.0
earthquake,5.0,45.0,3.2136095124215176,50.0
bridge,4.0,36.0,3.1851460482978236,40.0
picking,2.0,19.0,3.1287206148350046,21.0
island,4.0,34.0,3.103845946195975,38.0
east,2.0,18.0,3.052771761601706,20.0
heavy,2.0,18.0,3.052771761601706,20.0
la,3.0,24.0,2.9726014129177227,27.0
evacuated,4.0,29.0,2.8779645387796475,33.0
obama,8.0,54.0,2.8459679743867055,62.0
calgary,4.0,28.0,2.828211503582548,32.0
near,7.0,47.0,2.828211503582548,54.0
charged,5.0,34.0,2.8143393290009904,39.0
bodies,3.0,21.0,2.7841563235046123,24.0
west,3.0,21.0,2.7841563235046123,24.0
india,4.0,27.0,2.776681202942466,31.0
caused,4.0,27.0,2.776681202942466,31.0
airplane,5.0,32.0,2.7281826852512756,37.0
pakistan,3.0,20.0,2.715443573420598,23.0
coast,2.0,14.0,2.7012993911003282,16.0
nigerian,2.0,14.0,2.7012993911003282,16.0
reported,2.0,14.0,2.7012993911003282,16.0
missing,6.0,37.0,2.6936254632149073,43.0
km,4.0,25.0,2.667746831389302,29.0
train,14.0,79.0,2.6201484510169015,93.0
pm,16.0,89.0,2.6046681487659216,105.0
victims,2.0,13.0,2.598205898136225,15.0
report,6.0,34.0,2.5733312294971955,40.0
hailstorm,3.0,18.0,2.567344934431464,21.0
flag,3.0,18.0,2.567344934431464,21.0
fires,16.0,86.0,2.5554805991383898,102.0
islamic,2.0,12.0,2.4871745857474807,14.0
closed,3.0,17.0,2.4871745857474807,20.0
horror,4.0,22.0,2.4871745857474807,26.0
winds,2.0,12.0,2.4871745857474807,14.0
drought,6.0,31.0,2.442086696218943,37.0
minute,5.0,26.0,2.4337353267860204,31.0
memories,4.0,21.0,2.4215862441199043,25.0
fatal,11.0,54.0,2.409868859580032,65.0
bbc,3.0,16.0,2.4022856881609678,19.0
reports,3.0,16.0,2.4022856881609678,19.0
oil,9.0,44.0,2.393052408382931,53.0
thunderstorm,8.0,39.0,2.381564397786882,47.0
rd,5.0,25.0,2.378240214194317,30.0
area,7.0,34.0,2.3668803520297694,41.0
denver,2.0,11.0,2.366880352029769,13.0
med,2.0,11.0,2.366880352029769,13.0
street,4.0,20.0,2.3528734940358897,24.0
saved,4.0,19.0,2.2807237082800547,23.0
lives,7.0,32.0,2.2807237082800547,39.0
stadium,2.0,10.0,2.2356358187515166,12.0
event,2.0,10.0,2.2356358187515166,12.0
linked,2.0,10.0,2.2356358187515166,12.0
specially,2.0,10.0,2.2356358187515166,12.0
moving,2.0,10.0,2.2356358187515166,12.0
metro,2.0,10.0,2.2356358187515166,12.0
county,7.0,31.0,2.2356358187515166,38.0
killing,2.0,10.0,2.2356358187515166,12.0
youth,4.0,18.0,2.204774855046756,22.0
north,5.0,22.0,2.197667968552496,27.0
massacre,7.0,30.0,2.1890932328144865,37.0
injured,10.0,42.0,2.18232000421906,52.0
flash,4.0,17.0,2.1246045063627728,21.0
latest,12.0,48.0,2.1213031432725216,60.0
disease,3.0,13.0,2.112779070965983,16.0
evacuation,10.0,40.0,2.112779070965983,50.0
claims,3.0,13.0,2.112779070965983,16.0
russia,3.0,13.0,2.112779070965983,16.0
freak,2.0,9.0,2.0912459094163416,11.0
orders,2.0,9.0,2.0912459094163416,11.0
crime,2.0,9.0,2.0912459094163416,11.0
casualties,7.0,28.0,2.0912459094163416,35.0
issues,6.0,24.0,2.0795166168342347,30.0
terrorist,8.0,31.0,2.055063573109696,39.0
collision,7.0,27.0,2.03971560877626,34.0
houses,4.0,16.0,2.0397156087762593,20.0
shooting,6.0,23.0,2.0193956243966635,29.0
investigating,3.0,12.0,2.001747758577239,15.0
wednesday,3.0,12.0,2.001747758577239,15.0
arrested,3.0,12.0,2.001747758577239,15.0
washington,3.0,12.0,2.001747758577239,15.0
scene,3.0,12.0,2.001747758577239,15.0
gas,3.0,12.0,2.001747758577239,15.0
th,12.0,44.0,1.9971237320517918,56.0
air,9.0,33.0,1.9834081678743056,42.0
murder,9.0,33.0,1.9834081678743056,42.0
south,6.0,22.0,1.9566598690487012,28.0
damaged,2.0,8.0,1.9307812372230957,10.0
return,2.0,8.0,1.9307812372230957,10.0
afghanistan,2.0,8.0,1.9307812372230957,10.0
ocean,2.0,8.0,1.9307812372230957,10.0
abandoned,2.0,8.0,1.9307812372230957,10.0
expect,3.0,11.0,1.8814535248595274,14.0
dies,3.0,11.0,1.8814535248595274,14.0
governor,3.0,11.0,1.8814535248595274,14.0
indian,3.0,11.0,1.8814535248595274,14.0
forest,15.0,50.0,1.869261663225038,65.0
disaster,36.0,118.0,1.8641651808783606,154.0
global,4.0,14.0,1.8533024845453785,18.0
boy,10.0,33.0,1.8390182585391308,43.0
weather,12.0,39.0,1.8251710492624968,51.0
volcano,7.0,23.0,1.8129447469292375,30.0
water,15.0,48.0,1.8109630226603712,63.0
police,34.0,107.0,1.80491488367141,141.0
boat,9.0,29.0,1.7999620267783745,38.0
terrorism,9.0,29.0,1.7999620267783745,38.0
accident,21.0,66.0,1.7942641716592103,87.0
derailed,8.0,25.0,1.7502089915812749,33.0
deaths,10.0,31.0,1.7502089915812749,41.0
violent,9.0,28.0,1.7502089915812749,37.0
sandstorm,9.0,28.0,1.7502089915812749,37.0
deadly,2.0,7.0,1.7502089915812746,9.0
continue,2.0,7.0,1.7502089915812746,9.0
israel,4.0,13.0,1.7502089915812746,17.0
escape,4.0,13.0,1.7502089915812746,17.0
attacks,2.0,7.0,1.7502089915812746,9.0
western,3.0,10.0,1.7502089915812746,13.0
nd,4.0,13.0,1.7502089915812746,17.0
forget,2.0,7.0,1.7502089915812746,9.0
relief,2.0,7.0,1.7502089915812746,9.0
york,4.0,13.0,1.7502089915812746,17.0
outlook,2.0,7.0,1.7502089915812746,9.0
strong,3.0,10.0,1.7502089915812746,13.0
alarm,4.0,13.0,1.7502089915812746,17.0
called,5.0,16.0,1.7502089915812746,21.0
units,2.0,7.0,1.7502089915812746,9.0
trfc,2.0,7.0,1.7502089915812746,9.0
budget,2.0,7.0,1.7502089915812746,9.0
american,6.0,19.0,1.7502089915812746,25.0
giant,5.0,16.0,1.7502089915812746,21.0
devastation,9.0,27.0,1.6986786909411928,36.0
possible,8.0,24.0,1.6924934937249876,32.0
died,7.0,21.0,1.6846206499536982,28.0
anthrax,5.0,15.0,1.6600111826096966,20.0
iran,9.0,26.0,1.6452394319797325,35.0
flooding,13.0,37.0,1.639177679192531,50.0
cnn,4.0,12.0,1.639177679192531,16.0
france,4.0,12.0,1.639177679192531,16.0
early,4.0,12.0,1.639177679192531,16.0
parole,4.0,12.0,1.639177679192531,16.0
floods,15.0,42.0,1.6204411166109454,57.0
site,7.0,20.0,1.615907899869684,27.0
shot,7.0,20.0,1.615907899869684,27.0
allows,3.0,9.0,1.6058190822461,12.0
survivors,10.0,28.0,1.6058190822461,38.0
mishaps,5.0,14.0,1.5637958673503933,19.0
storm,32.0,85.0,1.5607311927175618,117.0
wounded,13.0,35.0,1.560106108201332,48.0
hostages,10.0,27.0,1.554288781606018,37.0
bus,10.0,27.0,1.554288781606018,37.0
update,10.0,27.0,1.554288781606018,37.0
cinema,2.0,6.0,1.5437581141138483,8.0
exit,2.0,6.0,1.5437581141138483,8.0
wa,2.0,6.0,1.5437581141138483,8.0
rains,2.0,6.0,1.5437581141138483,8.0
dropped,2.0,6.0,1.5437581141138483,8.0
forced,2.0,6.0,1.5437581141138483,8.0
reduce,2.0,6.0,1.5437581141138483,8.0
cop,2.0,6.0,1.5437581141138483,8.0
lane,2.0,6.0,1.5437581141138483,8.0
burns,2.0,6.0,1.5437581141138483,8.0
including,2.0,6.0,1.5437581141138483,8.0
headed,2.0,6.0,1.5437581141138483,8.0
isis,9.0,24.0,1.5320288215317415,33.0
catastrophic,9.0,24.0,1.5320288215317415,33.0
refugees,11.0,29.0,1.524327584164947,40.0
bomb,29.0,75.0,1.5210081808233562,104.0
shots,4.0,11.0,1.518883445474819,15.0
members,4.0,11.0,1.518883445474819,15.0
expected,4.0,11.0,1.518883445474819,15.0
ave,4.0,11.0,1.518883445474819,15.0
japanese,4.0,11.0,1.518883445474819,15.0
case,6.0,16.0,1.50920089207748,22.0
major,6.0,16.0,1.50920089207748,22.0
caught,6.0,16.0,1.50920089207748,22.0
crash,34.0,85.0,1.4745745489678475,119.0
thursday,5.0,13.0,1.46070237438629,18.0
news,60.0,147.0,1.4509543978347277,207.0
displaced,10.0,25.0,1.4453544100528541,35.0
close,3.0,8.0,1.4453544100528537,11.0
trent,3.0,8.0,1.4453544100528537,11.0
africa,3.0,8.0,1.4453544100528537,11.0
bay,3.0,8.0,1.4453544100528537,11.0
local,3.0,8.0,1.4453544100528537,11.0
canada,3.0,8.0,1.4453544100528537,11.0
cars,6.0,15.0,1.4190030831059017,21.0
tornado,9.0,22.0,1.4091720737462081,31.0
traffic,9.0,22.0,1.4091720737462081,31.0
state,15.0,36.0,1.4008747393532606,51.0
city,18.0,43.0,1.398736621079897,61.0
jonathan,4.0,10.0,1.3876389121965667,14.0
group,10.0,24.0,1.3876389121965667,34.0
record,4.0,10.0,1.3876389121965667,14.0
wild,14.0,33.0,1.373354686190319,47.0
attack,30.0,69.0,1.35345022602074,99.0
driver,5.0,12.0,1.349671061997546,17.0
following,5.0,12.0,1.349671061997546,17.0
point,5.0,12.0,1.349671061997546,17.0
nuclear,31.0,71.0,1.3478379041385915,102.0
toddler,6.0,14.0,1.3227877678465985,20.0
august,11.0,25.0,1.3141098767746013,36.0
pic,8.0,18.0,1.2872370152387291,26.0
cyclone,9.0,20.0,1.2748709820346171,29.0
tension,3.0,7.0,1.264782164411033,10.0
pdp,3.0,7.0,1.264782164411033,10.0
americas,3.0,7.0,1.264782164411033,10.0
wwii,3.0,7.0,1.264782164411033,10.0
el,3.0,7.0,1.264782164411033,10.0
potential,3.0,7.0,1.264782164411033,10.0
squad,3.0,7.0,1.264782164411033,10.0
politics,3.0,7.0,1.264782164411033,10.0
trees,3.0,7.0,1.264782164411033,10.0
buildings,35.0,75.0,1.2539041106805153,110.0
turkish,4.0,9.0,1.2432490028613916,13.0
living,4.0,9.0,1.2432490028613916,13.0
spring,4.0,9.0,1.2432490028613916,13.0
released,13.0,28.0,1.2432490028613916,41.0
response,4.0,9.0,1.2432490028613916,13.0
causes,4.0,9.0,1.2432490028613916,13.0
rain,14.0,30.0,1.2380028332954327,44.0
collapse,24.0,51.0,1.2370371739281287,75.0
holding,5.0,11.0,1.229376828279834,16.0
action,6.0,13.0,1.2196942748824948,19.0
mass,23.0,48.0,1.2105704813696088,71.0
line,8.0,17.0,1.2070666665547458,25.0
years,26.0,54.0,1.2055103610738458,80.0
arson,10.0,21.0,1.1991938227834564,31.0
security,10.0,21.0,1.1991938227834564,31.0
structural,12.0,25.0,1.1938156430568896,37.0
hurricane,13.0,27.0,1.1917187022213098,40.0
heat,15.0,31.0,1.18833010397316,46.0
rioting,12.0,24.0,1.136100145200602,36.0
lab,9.0,18.0,1.1267723430454828,27.0
russian,7.0,14.0,1.1163368903791724,21.0
nearly,7.0,14.0,1.1163368903791724,21.0
flood,19.0,37.0,1.1086629624937514,56.0
germs,6.0,12.0,1.108662962493751,18.0
cut,5.0,10.0,1.0981322950015815,15.0
says,15.0,29.0,1.0936932298350848,44.0
explosion,14.0,27.0,1.0886252092572062,41.0
sinkhole,14.0,27.0,1.0886252092572062,41.0
nyc,4.0,8.0,1.0827843306681457,12.0
office,4.0,8.0,1.0827843306681457,12.0
apc,4.0,8.0,1.0827843306681457,12.0
ban,4.0,8.0,1.0827843306681457,12.0
road,13.0,25.0,1.0827843306681457,38.0
million,4.0,8.0,1.0827843306681457,12.0
training,4.0,8.0,1.0827843306681457,12.0
search,4.0,8.0,1.0827843306681457,12.0
effects,4.0,8.0,1.0827843306681457,12.0
service,13.0,25.0,1.0827843306681457,38.0
chicago,4.0,8.0,1.0827843306681457,12.0
dust,13.0,25.0,1.0827843306681457,38.0
president,4.0,8.0,1.0827843306681457,12.0
setting,4.0,8.0,1.0827843306681457,12.0
begin,4.0,8.0,1.0827843306681457,12.0
wave,12.0,23.0,1.0759791527630314,35.0
land,11.0,21.0,1.0679492895052038,32.0
yrs,3.0,6.0,1.0583312869436068,9.0
allah,3.0,6.0,1.0583312869436068,9.0
falls,3.0,6.0,1.0583312869436068,9.0
app,3.0,6.0,1.0583312869436068,9.0
ms,3.0,6.0,1.0583312869436068,9.0
quickly,3.0,6.0,1.0583312869436068,9.0
shut,3.0,6.0,1.0583312869436068,9.0
humanity,3.0,6.0,1.0583312869436068,9.0
accidents,3.0,6.0,1.0583312869436068,9.0
dead,34.0,63.0,1.0454067208541156,97.0
evacuate,15.0,28.0,1.043940194637985,43.0
center,8.0,15.0,1.0319799599966544,23.0
gun,7.0,13.0,1.013243397415069,20.0
famine,12.0,22.0,1.0132433974150685,34.0
old,21.0,38.0,1.005768276852922,59.0
failure,15.0,27.0,0.992409893997903,42.0
bush,10.0,18.0,0.9823824337103082,28.0
rainstorm,10.0,18.0,0.9823824337103082,28.0
war,33.0,58.0,0.9695220199857505,91.0
car,33.0,58.0,0.9695220199857505,91.0
tragedy,13.0,23.0,0.9649478403742876,36.0
bioterrorism,9.0,16.0,0.9617130967749867,25.0
piece,5.0,9.0,0.9537423856664069,14.0
strike,5.0,9.0,0.9537423856664069,14.0
bioterror,12.0,21.0,0.9476550557874919,33.0
fedex,12.0,21.0,0.9476550557874919,33.0
attacked,15.0,26.0,0.9389706350364426,41.0
building,11.0,19.0,0.9270867536653542,30.0
china,7.0,12.0,0.9022120850263249,19.0
vehicle,7.0,12.0,0.9022120850263249,19.0
later,4.0,7.0,0.9022120850263248,11.0
cops,4.0,7.0,0.9022120850263248,11.0
image,4.0,7.0,0.9022120850263248,11.0
fatalities,15.0,25.0,0.883475522444739,40.0
kill,12.0,20.0,0.8789423057034776,32.0
aug,9.0,15.0,0.8715152878034085,24.0
transport,9.0,15.0,0.8715152878034085,24.0
truck,19.0,31.0,0.8571241954977868,50.0
shows,6.0,10.0,0.8571241954977866,16.0
tree,6.0,10.0,0.8571241954977866,16.0
colorado,6.0,10.0,0.8571241954977866,16.0
human,6.0,10.0,0.8571241954977866,16.0
bayelsa,6.0,10.0,0.8571241954977866,16.0
murderer,11.0,18.0,0.8511379004320556,29.0
media,11.0,18.0,0.8511379004320556,29.0
hail,16.0,26.0,0.8487728260648643,42.0
huge,8.0,13.0,0.8326711517732479,21.0
ago,10.0,16.0,0.8173231874398118,26.0
children,10.0,16.0,0.8173231874398118,26.0
exploration,3.0,5.0,0.8173231874398117,8.0
mile,3.0,5.0,0.8173231874398117,8.0
massive,3.0,5.0,0.8173231874398117,8.0
repair,3.0,5.0,0.8173231874398117,8.0
plus,3.0,5.0,0.8173231874398117,8.0
calling,3.0,5.0,0.8173231874398117,8.0
burst,3.0,5.0,0.8173231874398117,8.0
costs,3.0,5.0,0.8173231874398117,8.0
target,3.0,5.0,0.8173231874398117,8.0
australias,3.0,5.0,0.8173231874398117,8.0
leader,3.0,5.0,0.8173231874398117,8.0
actions,3.0,5.0,0.8173231874398117,8.0
stealing,3.0,5.0,0.8173231874398117,8.0
seconds,3.0,5.0,0.8173231874398117,8.0
post,14.0,22.0,0.7991185920622211,36.0
crashed,14.0,22.0,0.7991185920622211,36.0
map,5.0,8.0,0.7932777134731608,13.0
using,5.0,8.0,0.7932777134731608,13.0
brooklyn,5.0,8.0,0.7932777134731608,13.0
helping,5.0,8.0,0.7932777134731608,13.0
todays,5.0,8.0,0.7932777134731608,13.0
internally,5.0,8.0,0.7932777134731608,13.0
id,5.0,8.0,0.7932777134731608,13.0
heres,5.0,8.0,0.7932777134731608,13.0
breaking,16.0,25.0,0.7932777134731606,41.0
downtown,7.0,11.0,0.7819178513086131,18.0
british,7.0,11.0,0.7819178513086131,18.0
lost,9.0,14.0,0.7752999725441054,23.0
natural,18.0,27.0,0.7371528387558284,45.0
wind,16.0,24.0,0.7355622156168734,40.0
past,14.0,21.0,0.7335302504346443,35.0
poor,8.0,12.0,0.7216398393845039,20.0
safety,6.0,9.0,0.7127342861626119,15.0
research,6.0,9.0,0.7127342861626119,15.0
collided,17.0,25.0,0.7083888158866478,42.0
message,4.0,6.0,0.6957612075588984,10.0
avoid,4.0,6.0,0.6957612075588984,10.0
currently,4.0,6.0,0.6957612075588984,10.0
snow,4.0,6.0,0.6957612075588984,10.0
upset,4.0,6.0,0.6957612075588984,10.0
army,29.0,42.0,0.691994377635979,71.0
watch,35.0,50.0,0.6737108541072314,85.0
town,9.0,13.0,0.6722064795800019,22.0
st,19.0,27.0,0.66120398552253,46.0
patience,7.0,10.0,0.6506733180303604,17.0
govt,7.0,10.0,0.6506733180303604,17.0
uk,7.0,10.0,0.6506733180303604,17.0
times,20.0,28.0,0.6405845004067764,48.0
saw,15.0,21.0,0.6373149351753415,36.0
hostage,15.0,21.0,0.6373149351753415,36.0
government,13.0,18.0,0.6198123543255999,31.0
happening,5.0,7.0,0.61270546783134,12.0
population,5.0,7.0,0.61270546783134,12.0
fighting,5.0,7.0,0.61270546783134,12.0
month,5.0,7.0,0.61270546783134,12.0
large,8.0,11.0,0.6013456056667922,19.0
climate,8.0,11.0,0.6013456056667922,19.0
takes,8.0,11.0,0.6013456056667922,19.0
power,14.0,19.0,0.5926677145947947,33.0
food,20.0,27.0,0.5890541997666944,47.0
damage,23.0,31.0,0.5879375626823976,54.0
hazardous,15.0,20.0,0.5686021850913272,35.0
hijack,12.0,16.0,0.5657844204438474,28.0
far,12.0,16.0,0.5657844204438474,28.0
fight,12.0,16.0,0.5657844204438474,28.0
wake,12.0,16.0,0.5657844204438474,28.0
inside,12.0,16.0,0.5657844204438474,28.0
texas,9.0,12.0,0.5611751671912578,21.0
lake,6.0,8.0,0.5522696139693658,14.0
prepare,6.0,8.0,0.5522696139693658,14.0
ambulance,17.0,22.0,0.527816570244827,39.0
ca,7.0,9.0,0.5062834086951857,16.0
young,7.0,9.0,0.5062834086951857,16.0
sick,7.0,9.0,0.5062834086951857,16.0
risk,7.0,9.0,0.5062834086951857,16.0
hit,23.0,29.0,0.49330068854432246,52.0
landslide,17.0,21.0,0.46222822861725016,38.0
home,35.0,43.0,0.45844286720416483,78.0
leading,4.0,5.0,0.4547531080551035,9.0
began,4.0,5.0,0.4547531080551035,9.0
gov,4.0,5.0,0.4547531080551035,9.0
ft,4.0,5.0,0.4547531080551035,9.0
fine,4.0,5.0,0.4547531080551035,9.0
tent,4.0,5.0,0.4547531080551035,9.0
hearing,4.0,5.0,0.4547531080551035,9.0
preparedness,4.0,5.0,0.4547531080551035,9.0
cancer,4.0,5.0,0.4547531080551035,9.0
sir,4.0,5.0,0.4547531080551035,9.0
meeting,4.0,5.0,0.4547531080551035,9.0
hunt,4.0,5.0,0.4547531080551035,9.0
morning,9.0,11.0,0.440880933473546,20.0
family,20.0,24.0,0.4224043303572432,44.0
lightning,20.0,24.0,0.4224043303572432,44.0
hijacker,15.0,18.0,0.4205035461021933,33.0
country,10.0,12.0,0.416785257856083,22.0
ny,5.0,6.0,0.40625459036391354,11.0
tracks,5.0,6.0,0.40625459036391354,11.0
calls,5.0,6.0,0.40625459036391354,11.0
updates,5.0,6.0,0.40625459036391354,11.0
false,5.0,6.0,0.40625459036391354,11.0
radiation,5.0,6.0,0.40625459036391354,11.0
runs,5.0,6.0,0.40625459036391354,11.0
national,16.0,19.0,0.4062545903639133,35.0
history,11.0,13.0,0.3965720369665745,24.0
control,11.0,13.0,0.3965720369665745,24.0
rescued,18.0,21.0,0.3820578799332667,39.0
place,12.0,14.0,0.37937129621296617,26.0
felt,6.0,7.0,0.37169736832754485,13.0
happen,6.0,7.0,0.37169736832754485,13.0
force,6.0,7.0,0.37169736832754485,13.0
mountain,6.0,7.0,0.37169736832754485,13.0
students,6.0,7.0,0.37169736832754485,13.0
bit,6.0,7.0,0.37169736832754485,13.0
people,91.0,105.0,0.3706458412832613,196.0
burning,56.0,64.0,0.35629478386818497,120.0
sea,7.0,8.0,0.3458187365019397,15.0
sad,7.0,8.0,0.3458187365019397,15.0
ashes,7.0,8.0,0.3458187365019397,15.0
shift,7.0,8.0,0.3458187365019397,15.0
camp,8.0,9.0,0.3257111630533649,17.0
true,8.0,9.0,0.3257111630533649,17.0
engulfed,17.0,19.0,0.32136569277740057,36.0
taken,9.0,10.0,0.3096364001952934,19.0
happened,9.0,10.0,0.3096364001952934,19.0
thousands,9.0,10.0,0.3096364001952934,19.0
rescue,19.0,21.0,0.3061090266999682,40.0
usa,10.0,11.0,0.2964910241383713,21.0
today,42.0,46.0,0.2950143658304483,88.0
seismic,13.0,14.0,0.2683399838242222,27.0
story,19.0,20.0,0.2373962766159541,39.0
house,21.0,22.0,0.2308348324876955,43.0
flames,28.0,29.0,0.21499952605721823,57.0
live,30.0,31.0,0.21178907679714884,61.0
officers,4.0,4.0,0.16524649086011864,8.0
dr,7.0,7.0,0.16524649086011864,14.0
late,5.0,5.0,0.16524649086011864,10.0
ok,18.0,18.0,0.16524649086011864,36.0
economic,4.0,4.0,0.16524649086011864,8.0
small,7.0,7.0,0.16524649086011864,14.0
green,9.0,9.0,0.16524649086011864,18.0
worst,10.0,10.0,0.16524649086011864,20.0
sadly,4.0,4.0,0.16524649086011864,8.0
lies,7.0,7.0,0.16524649086011864,14.0
board,6.0,6.0,0.16524649086011864,12.0
sister,4.0,4.0,0.16524649086011864,8.0
falling,7.0,7.0,0.16524649086011864,14.0
hospital,5.0,5.0,0.16524649086011864,10.0
release,5.0,5.0,0.16524649086011864,10.0
act,7.0,7.0,0.16524649086011864,14.0
casualty,13.0,13.0,0.16524649086011864,26.0
keeps,5.0,5.0,0.16524649086011864,10.0
loss,4.0,4.0,0.16524649086011864,8.0
order,12.0,12.0,0.16524649086011864,24.0
property,9.0,9.0,0.16524649086011864,18.0
babies,5.0,5.0,0.16524649086011864,10.0
drill,4.0,4.0,0.16524649086011864,8.0
wall,7.0,7.0,0.16524649086011864,14.0
reactor,13.0,13.0,0.16524649086011864,26.0
peace,13.0,13.0,0.16524649086011864,26.0
pathogens,5.0,5.0,0.16524649086011864,10.0
health,14.0,14.0,0.16524649086011864,28.0
parents,7.0,7.0,0.16524649086011864,14.0
told,8.0,8.0,0.16524649086011864,16.0
information,7.0,7.0,0.16524649086011864,14.0
phoenix,6.0,6.0,0.16524649086011864,12.0
tcot,4.0,4.0,0.16524649086011864,8.0
held,4.0,4.0,0.16524649086011864,8.0
states,6.0,6.0,0.16524649086011864,12.0
ways,4.0,4.0,0.16524649086011864,8.0
streets,4.0,4.0,0.16524649086011864,8.0
inner,4.0,4.0,0.16524649086011864,8.0
picture,5.0,5.0,0.16524649086011864,10.0
concerned,4.0,4.0,0.16524649086011864,8.0
company,6.0,6.0,0.16524649086011864,12.0
hits,4.0,4.0,0.16524649086011864,8.0
industry,6.0,6.0,0.16524649086011864,12.0
fully,6.0,6.0,0.16524649086011864,12.0
support,12.0,12.0,0.16524649086011864,24.0
stupid,4.0,4.0,0.16524649086011864,8.0
florida,4.0,4.0,0.16524649086011864,8.0
points,4.0,4.0,0.16524649086011864,8.0
route,5.0,5.0,0.16524649086011864,10.0
trauma,20.0,19.0,0.09309670510428307,39.0
death,37.0,35.0,0.08617491986891969,72.0
derail,18.0,17.0,0.08507614217613507,35.0
half,17.0,16.0,0.08035759327360562,33.0
emergency,81.0,76.0,0.07390617932169294,157.0
nearby,14.0,13.0,0.06215299789601498,27.0
men,14.0,13.0,0.06215299789601498,27.0
outside,13.0,12.0,0.05421517847137481,25.0
set,25.0,23.0,0.04741000056626043,48.0
crazy,11.0,10.0,0.03400195758186627,21.0
omg,11.0,10.0,0.03400195758186627,21.0
daily,11.0,10.0,0.03400195758186627,21.0
america,10.0,9.0,0.02085658152494405,19.0
truth,10.0,9.0,0.02085658152494405,19.0
taking,9.0,8.0,0.00478181866687258,17.0
ppl,9.0,8.0,0.00478181866687258,17.0
moment,9.0,8.0,0.00478181866687258,17.0
plan,26.0,23.0,-0.00808511202544321,49.0
hijacking,17.0,15.0,-0.009840215697972617,32.0
sky,8.0,7.0,-0.015325754781702077,15.0
problem,8.0,7.0,-0.015325754781702077,15.0
river,16.0,14.0,-0.021166633370762723,30.0
blast,16.0,14.0,-0.021166633370762723,30.0
second,15.0,13.0,-0.034062317363287915,28.0
leave,15.0,13.0,-0.034062317363287915,28.0
threat,7.0,6.0,-0.04120438660730763,13.0
enugu,7.0,6.0,-0.04120438660730763,13.0
evening,7.0,6.0,-0.04120438660730763,13.0
dc,7.0,6.0,-0.04120438660730763,13.0
ground,7.0,6.0,-0.04120438660730763,13.0
account,7.0,6.0,-0.04120438660730763,13.0
hour,7.0,6.0,-0.04120438660730763,13.0
worry,7.0,6.0,-0.04120438660730763,13.0
cause,26.0,22.0,-0.07082086737340583,48.0
bombed,19.0,16.0,-0.07576160864367619,35.0
women,19.0,16.0,-0.07576160864367619,35.0
cannot,6.0,5.0,-0.07576160864367636,11.0
program,6.0,5.0,-0.07576160864367636,11.0
burn,6.0,5.0,-0.07576160864367636,11.0
drunk,6.0,5.0,-0.07576160864367636,11.0
blocked,6.0,5.0,-0.07576160864367636,11.0
leaving,6.0,5.0,-0.07576160864367636,11.0
box,6.0,5.0,-0.07576160864367636,11.0
year,38.0,32.0,-0.07917223680632811,70.0
said,31.0,26.0,-0.08411297807659869,57.0
chemical,18.0,15.0,-0.09001056438195607,33.0
weapons,24.0,20.0,-0.09191134863700598,44.0
weapon,24.0,20.0,-0.09191134863700598,44.0
school,36.0,30.0,-0.09384073045701236,66.0
use,17.0,14.0,-0.10605553095727571,31.0
longer,17.0,14.0,-0.10605553095727571,31.0
united,11.0,9.0,-0.11038795175330862,20.0
irandeal,5.0,4.0,-0.12426012633486624,9.0
create,5.0,4.0,-0.12426012633486624,9.0
stopped,5.0,4.0,-0.12426012633486624,9.0
coffee,5.0,4.0,-0.12426012633486624,9.0
seattle,5.0,4.0,-0.12426012633486624,9.0
cost,5.0,4.0,-0.12426012633486624,9.0
articles,5.0,4.0,-0.12426012633486624,9.0
equipment,5.0,4.0,-0.12426012633486624,9.0
percent,5.0,4.0,-0.12426012633486624,9.0
rule,5.0,4.0,-0.12426012633486624,9.0
drive,10.0,8.0,-0.13960809066830215,18.0
till,10.0,8.0,-0.13960809066830215,18.0
ready,10.0,8.0,-0.13960809066830215,18.0
ablaze,15.0,12.0,-0.1450936297520318,27.0
plans,15.0,12.0,-0.1450936297520318,27.0
thunder,25.0,20.0,-0.14962684649329328,45.0
middle,9.0,7.0,-0.1757904269749483,16.0
hand,9.0,7.0,-0.1757904269749483,16.0
pray,9.0,7.0,-0.1757904269749483,16.0
london,9.0,7.0,-0.1757904269749483,16.0
photo,23.0,18.0,-0.17988899518856902,41.0
man,62.0,48.0,-0.20062495161484092,110.0
prebreak,17.0,13.0,-0.2091490239213793,30.0
drowned,17.0,13.0,-0.2091490239213793,30.0
tsunami,17.0,13.0,-0.2091490239213793,30.0
days,17.0,13.0,-0.2091490239213793,30.0
sitting,8.0,6.0,-0.22177663224912844,14.0
season,8.0,6.0,-0.22177663224912844,14.0
travel,8.0,6.0,-0.22177663224912844,14.0
walk,8.0,6.0,-0.22177663224912844,14.0
australia,8.0,6.0,-0.22177663224912844,14.0
number,8.0,6.0,-0.22177663224912844,14.0
annihilation,12.0,9.0,-0.23068218547102046,21.0
say,49.0,37.0,-0.23529143872361022,86.0
horrible,20.0,15.0,-0.23810920337108993,35.0
islam,15.0,11.0,-0.26538786346974363,26.0
snowstorm,15.0,11.0,-0.26538786346974363,26.0
no,146.0,108.0,-0.26795913111765,254.0
devastated,11.0,8.0,-0.27085262394655485,19.0
centre,11.0,8.0,-0.27085262394655485,19.0
couple,11.0,8.0,-0.27085262394655485,19.0
public,11.0,8.0,-0.27085262394655485,19.0
wtf,7.0,5.0,-0.2822124861111026,12.0
wife,7.0,5.0,-0.2822124861111026,12.0
pass,7.0,5.0,-0.2822124861111026,12.0
causing,7.0,5.0,-0.2822124861111026,12.0
total,7.0,5.0,-0.2822124861111026,12.0
agree,7.0,5.0,-0.2822124861111026,12.0
stories,7.0,5.0,-0.2822124861111026,12.0
friday,7.0,5.0,-0.2822124861111026,12.0
short,7.0,5.0,-0.2822124861111026,12.0
tonight,22.0,16.0,-0.28221248611110283,38.0
responders,18.0,13.0,-0.2893193726053626,31.0
photos,14.0,10.0,-0.3004170814886933,24.0
rise,14.0,10.0,-0.3004170814886933,24.0
came,21.0,15.0,-0.30682195345510416,36.0
video,96.0,69.0,-0.3082694736844544,165.0
park,10.0,7.0,-0.320180336310123,17.0
looks,27.0,19.0,-0.3307110038022927,46.0
electrocuted,20.0,14.0,-0.3343245186303929,34.0
child,13.0,9.0,-0.34171349785976435,22.0
high,26.0,18.0,-0.3532205980741308,44.0
end,26.0,18.0,-0.3532205980741308,44.0
san,6.0,4.0,-0.3652682258386612,10.0
according,6.0,4.0,-0.3652682258386612,10.0
waiting,6.0,4.0,-0.3652682258386612,10.0
cruz,6.0,4.0,-0.3652682258386612,10.0
hi,6.0,4.0,-0.3652682258386612,10.0
extreme,6.0,4.0,-0.3652682258386612,10.0
usually,6.0,4.0,-0.3652682258386612,10.0
insurer,6.0,4.0,-0.3652682258386612,10.0
saving,6.0,4.0,-0.3652682258386612,10.0
sunday,6.0,4.0,-0.3652682258386612,10.0
imagine,6.0,4.0,-0.3652682258386612,10.0
talking,6.0,4.0,-0.3652682258386612,10.0
broken,6.0,4.0,-0.3652682258386612,10.0
fans,9.0,6.0,-0.38224130444237464,15.0
worse,9.0,6.0,-0.38224130444237464,15.0
movie,28.0,19.0,-0.3822413044423748,47.0
watching,15.0,10.0,-0.3966323967479963,25.0
tell,15.0,10.0,-0.3966323967479963,25.0
deal,15.0,10.0,-0.3966323967479963,25.0
world,62.0,41.0,-0.4254983624550437,103.0
look,44.0,29.0,-0.4278438907444379,73.0
hope,32.0,21.0,-0.4308565674662379,53.0
went,20.0,13.0,-0.4374180115944966,33.0
believe,17.0,11.0,-0.440474570027835,28.0
does,40.0,26.0,-0.44668305746130704,66.0
arsonist,11.0,7.0,-0.45142486958837563,18.0
insurance,11.0,7.0,-0.45142486958837563,18.0
instead,11.0,7.0,-0.45142486958837563,18.0
metal,8.0,5.0,-0.46278473175292334,13.0
standard,8.0,5.0,-0.46278473175292334,13.0
gold,8.0,5.0,-0.46278473175292334,13.0
horse,8.0,5.0,-0.46278473175292334,13.0
took,8.0,5.0,-0.46278473175292334,13.0
involving,8.0,5.0,-0.46278473175292334,13.0
salt,8.0,5.0,-0.46278473175292334,13.0
silver,8.0,5.0,-0.46278473175292334,13.0
dogs,8.0,5.0,-0.46278473175292334,13.0
gone,8.0,5.0,-0.46278473175292334,13.0
collapsed,22.0,14.0,-0.468625610341984,36.0
eyewitness,19.0,12.0,-0.476299538227405,31.0
simple,5.0,3.0,-0.4868302057195745,8.0
roads,5.0,3.0,-0.4868302057195745,8.0
shame,5.0,3.0,-0.4868302057195745,8.0
mention,5.0,3.0,-0.4868302057195745,8.0
thats,38.0,24.0,-0.4868302057195745,62.0
epic,5.0,3.0,-0.4868302057195745,8.0
thx,5.0,3.0,-0.4868302057195745,8.0
chief,5.0,3.0,-0.4868302057195745,8.0
rare,5.0,3.0,-0.4868302057195745,8.0
tonto,5.0,3.0,-0.4868302057195745,8.0
bought,5.0,3.0,-0.4868302057195745,8.0
england,5.0,3.0,-0.4868302057195745,8.0
greatest,5.0,3.0,-0.4868302057195745,8.0
leads,5.0,3.0,-0.4868302057195745,8.0
bringing,5.0,3.0,-0.4868302057195745,8.0
moved,5.0,3.0,-0.4868302057195745,8.0
didnt,5.0,3.0,-0.4868302057195745,8.0
pics,5.0,3.0,-0.4868302057195745,8.0
injuries,27.0,17.0,-0.4868302057195745,44.0
window,5.0,3.0,-0.4868302057195745,8.0
apparently,5.0,3.0,-0.4868302057195745,8.0
impact,5.0,3.0,-0.4868302057195745,8.0
firefighter,5.0,3.0,-0.4868302057195745,8.0
ben,5.0,3.0,-0.4868302057195745,8.0
final,5.0,3.0,-0.4868302057195745,8.0
blog,5.0,3.0,-0.4868302057195745,8.0
illegal,5.0,3.0,-0.4868302057195745,8.0
al,5.0,3.0,-0.4868302057195745,8.0
yesterday,5.0,3.0,-0.4868302057195745,8.0
bout,5.0,3.0,-0.4868302057195745,8.0
rubble,16.0,10.0,-0.48683020571957475,26.0
remember,18.0,11.0,-0.5206449187118184,29.0
working,10.0,6.0,-0.5266312137775495,16.0
rock,10.0,6.0,-0.5266312137775495,16.0
info,10.0,6.0,-0.5266312137775495,16.0
room,10.0,6.0,-0.5266312137775495,16.0
whirlwind,23.0,14.0,-0.5313613656899466,37.0
theres,28.0,17.0,-0.5383605063596567,45.0
hear,15.0,9.0,-0.5410223060831711,24.0
alive,7.0,4.0,-0.5717191033060873,11.0
worth,7.0,4.0,-0.5717191033060873,11.0
running,12.0,7.0,-0.5717191033060873,19.0
minutes,7.0,4.0,-0.5717191033060873,11.0
mix,7.0,4.0,-0.5717191033060873,11.0
brother,7.0,4.0,-0.5717191033060873,11.0
special,7.0,4.0,-0.5717191033060873,11.0
navy,7.0,4.0,-0.5717191033060873,11.0
seek,7.0,4.0,-0.5717191033060873,11.0
matter,7.0,4.0,-0.5717191033060873,11.0
dan,7.0,4.0,-0.5717191033060873,11.0
totally,12.0,7.0,-0.5717191033060873,19.0
owner,7.0,4.0,-0.5717191033060873,11.0
view,12.0,7.0,-0.5717191033060873,19.0
happens,7.0,4.0,-0.5717191033060873,11.0
syrian,7.0,4.0,-0.5717191033060873,11.0
earlier,7.0,4.0,-0.5717191033060873,11.0
kit,7.0,4.0,-0.5717191033060873,11.0
windstorm,22.0,13.0,-0.5717191033060877,35.0
little,31.0,18.0,-0.6025800670108481,49.0
save,26.0,15.0,-0.6084776533162054,41.0
interesting,9.0,5.0,-0.6232494039461695,14.0
occurred,9.0,5.0,-0.6232494039461695,14.0
delivers,9.0,5.0,-0.6232494039461695,14.0
idea,9.0,5.0,-0.6232494039461695,14.0
planned,9.0,5.0,-0.6232494039461695,14.0
different,9.0,5.0,-0.6232494039461695,14.0
general,9.0,5.0,-0.6232494039461695,14.0
mean,9.0,5.0,-0.6232494039461695,14.0
glad,9.0,5.0,-0.6232494039461695,14.0
aba,9.0,5.0,-0.6232494039461695,14.0
months,9.0,5.0,-0.6232494039461695,14.0
services,28.0,16.0,-0.6232494039461697,44.0
quarantined,23.0,13.0,-0.6344548586540502,36.0
red,23.0,13.0,-0.6344548586540502,36.0
survived,25.0,14.0,-0.6491978559838049,39.0
actually,18.0,10.0,-0.6518894519900709,28.0
person,18.0,10.0,-0.6518894519900709,28.0
gems,11.0,6.0,-0.657875747055802,17.0
sounds,11.0,6.0,-0.657875747055802,17.0
trapped,27.0,15.0,-0.6619169122776657,42.0
angry,13.0,7.0,-0.6827504156948313,20.0
reason,13.0,7.0,-0.6827504156948313,20.0
official,13.0,7.0,-0.6827504156948313,20.0
hard,13.0,7.0,-0.6827504156948313,20.0
white,24.0,13.0,-0.6945758510916212,37.0
summer,28.0,15.0,-0.7134472129177479,43.0
loose,6.0,3.0,-0.7278383052233693,9.0
loving,6.0,3.0,-0.7278383052233693,9.0
rip,6.0,3.0,-0.7278383052233693,9.0
weird,6.0,3.0,-0.7278383052233693,9.0
wars,6.0,3.0,-0.7278383052233693,9.0
pressure,6.0,3.0,-0.7278383052233693,9.0
careful,6.0,3.0,-0.7278383052233693,9.0
battlefield,6.0,3.0,-0.7278383052233693,9.0
tribal,6.0,3.0,-0.7278383052233693,9.0
videos,6.0,3.0,-0.7278383052233693,9.0
review,6.0,3.0,-0.7278383052233693,9.0
question,6.0,3.0,-0.7278383052233693,9.0
dying,6.0,3.0,-0.7278383052233693,9.0
wont,6.0,3.0,-0.7278383052233693,9.0
supposed,6.0,3.0,-0.7278383052233693,9.0
honestly,6.0,3.0,-0.7278383052233693,9.0
military,34.0,18.0,-0.7338246002891006,52.0
send,21.0,11.0,-0.7374563077849665,32.0
sensorsenso,8.0,4.0,-0.7522913489479082,12.0
forever,8.0,4.0,-0.7522913489479082,12.0
animal,8.0,4.0,-0.7522913489479082,12.0
tho,8.0,4.0,-0.7522913489479082,12.0
changes,8.0,4.0,-0.7522913489479082,12.0
anymore,8.0,4.0,-0.7522913489479082,12.0
ones,8.0,4.0,-0.7522913489479082,12.0
fact,8.0,4.0,-0.7522913489479082,12.0
vote,8.0,4.0,-0.7522913489479082,12.0
help,48.0,25.0,-0.7622410093555136,73.0
break,10.0,5.0,-0.7676393132813444,15.0
department,10.0,5.0,-0.7676393132813444,15.0
dude,10.0,5.0,-0.7676393132813444,15.0
ahead,10.0,5.0,-0.7676393132813444,15.0
share,10.0,5.0,-0.7676393132813444,15.0
started,10.0,5.0,-0.7676393132813444,15.0
stop,33.0,17.0,-0.7715596826526875,50.0
driving,12.0,6.0,-0.7781699807735138,18.0
mad,12.0,6.0,-0.7781699807735138,18.0
shit,37.0,19.0,-0.7781699807735142,56.0
ship,14.0,7.0,-0.785843908658935,21.0
literally,16.0,8.0,-0.7916847872479955,24.0
used,20.0,10.0,-0.7999880909792048,30.0
left,22.0,11.0,-0.8030446494125434,33.0
time,84.0,42.0,-0.826242009284364,126.0
mudslide,25.0,12.0,-0.8633226613366524,37.0
wounds,23.0,11.0,-0.8657804047605058,34.0
care,21.0,10.0,-0.8687008410632191,31.0
cool,21.0,10.0,-0.8687008410632191,31.0
die,17.0,8.0,-0.8765736848345083,25.0
yeah,17.0,8.0,-0.8765736848345083,25.0
damn,15.0,7.0,-0.8820592239182379,22.0
right,46.0,22.0,-0.8820592239182379,68.0
business,15.0,7.0,-0.8820592239182379,22.0
film,13.0,6.0,-0.8892012931622576,19.0
wow,13.0,6.0,-0.8892012931622576,19.0
learn,13.0,6.0,-0.8892012931622576,19.0
beach,13.0,6.0,-0.8892012931622576,19.0
pain,13.0,6.0,-0.8892012931622576,19.0
getting,38.0,18.0,-0.8920866842058328,56.0
rules,11.0,5.0,-0.898883846559597,16.0
turned,11.0,5.0,-0.898883846559597,16.0
international,9.0,4.0,-0.9127560211411543,13.0
cold,9.0,4.0,-0.9127560211411543,13.0
comment,9.0,4.0,-0.9127560211411543,13.0
sent,9.0,4.0,-0.9127560211411543,13.0
financial,9.0,4.0,-0.9127560211411543,13.0
walking,9.0,4.0,-0.9127560211411543,13.0
played,9.0,4.0,-0.9127560211411543,13.0
mod,9.0,4.0,-0.9127560211411543,13.0
double,9.0,4.0,-0.9127560211411543,13.0
giving,9.0,4.0,-0.9127560211411543,13.0
sense,9.0,4.0,-0.9127560211411543,13.0
away,26.0,12.0,-0.9188177739283557,38.0
exploded,24.0,11.0,-0.9259013971980768,35.0
heard,24.0,11.0,-0.9259013971980768,35.0
lots,7.0,3.0,-0.9342891826907957,10.0
pool,7.0,3.0,-0.9342891826907957,10.0
ep,7.0,3.0,-0.9342891826907957,10.0
remove,7.0,3.0,-0.9342891826907957,10.0
em,7.0,3.0,-0.9342891826907957,10.0
based,7.0,3.0,-0.9342891826907957,10.0
hello,7.0,3.0,-0.9342891826907957,10.0
understand,7.0,3.0,-0.9342891826907957,10.0
able,7.0,3.0,-0.9342891826907957,10.0
quite,7.0,3.0,-0.9342891826907957,10.0
dangerous,7.0,3.0,-0.9342891826907957,10.0
extremely,7.0,3.0,-0.9342891826907957,10.0
meet,7.0,3.0,-0.9342891826907957,10.0
seeks,7.0,3.0,-0.9342891826907957,10.0
signed,7.0,3.0,-0.9342891826907957,10.0
issue,7.0,3.0,-0.9342891826907957,10.0
starts,7.0,3.0,-0.9342891826907957,10.0
coming,35.0,16.0,-0.9401065092861101,51.0
hours,20.0,9.0,-0.9443780003143798,29.0
stay,20.0,9.0,-0.9443780003143798,29.0
hot,46.0,21.0,-0.9476475655458148,67.0
run,29.0,13.0,-0.9625090563382543,42.0
big,27.0,12.0,-0.9722570328898162,39.0
chinas,16.0,7.0,-0.9722570328898162,23.0
life,60.0,27.0,-0.9722570328898162,87.0
fast,16.0,7.0,-0.9722570328898162,23.0
thing,25.0,11.0,-0.9836168950543641,36.0
drowning,25.0,11.0,-0.9836168950543641,36.0
chance,14.0,6.0,-0.9922947861263614,20.0
computers,14.0,6.0,-0.9922947861263614,20.0
entire,14.0,6.0,-0.9922947861263614,20.0
come,39.0,17.0,-1.009251240372018,56.0
fatality,21.0,9.0,-1.0130907503983937,30.0
demolished,21.0,9.0,-1.0130907503983937,30.0
black,46.0,20.0,-1.016360315629829,66.0
scared,12.0,5.0,-1.0191780802773087,17.0
turn,12.0,5.0,-1.0191780802773087,17.0
date,12.0,5.0,-1.0191780802773087,17.0
dog,12.0,5.0,-1.0191780802773087,17.0
gave,12.0,5.0,-1.0191780802773087,17.0
funtenna,12.0,5.0,-1.0191780802773087,17.0
mop,12.0,5.0,-1.0191780802773087,17.0
bring,12.0,5.0,-1.0191780802773087,17.0
destroyed,28.0,12.0,-1.0237873335298984,40.0
week,26.0,11.0,-1.0391120076460676,37.0
deep,10.0,4.0,-1.0571459304763293,14.0
waves,17.0,7.0,-1.0571459304763293,24.0
money,17.0,7.0,-1.0571459304763293,24.0
internet,10.0,4.0,-1.0571459304763293,14.0
teen,10.0,4.0,-1.0571459304763293,14.0
team,17.0,7.0,-1.0571459304763293,24.0
heart,24.0,10.0,-1.0571459304763293,34.0
survive,29.0,12.0,-1.0735403687269982,41.0
make,55.0,23.0,-1.07458052381235,78.0
detonation,22.0,9.0,-1.0786790920259708,31.0
tomorrow,22.0,9.0,-1.0786790920259708,31.0
needs,15.0,6.0,-1.0885101013856644,21.0
hate,15.0,6.0,-1.0885101013856644,21.0
course,15.0,6.0,-1.0885101013856644,21.0
destruction,27.0,11.0,-1.092551266607528,38.0
bc,20.0,8.0,-1.1048426725076257,28.0
court,8.0,3.0,-1.1148614283326166,11.0
stuff,8.0,3.0,-1.1148614283326166,11.0
single,8.0,3.0,-1.1148614283326166,11.0
gotta,8.0,3.0,-1.1148614283326166,11.0
fat,8.0,3.0,-1.1148614283326166,11.0
killer,8.0,3.0,-1.1148614283326166,11.0
woman,25.0,10.0,-1.1148614283326166,35.0
tears,8.0,3.0,-1.1148614283326166,11.0
ships,8.0,3.0,-1.1148614283326166,11.0
rate,8.0,3.0,-1.1148614283326166,11.0
hero,8.0,3.0,-1.1148614283326166,11.0
match,8.0,3.0,-1.1148614283326166,11.0
prevent,8.0,3.0,-1.1148614283326166,11.0
queen,8.0,3.0,-1.1148614283326166,11.0
cliff,25.0,10.0,-1.1148614283326166,35.0
day,81.0,33.0,-1.1173924729131866,114.0
way,55.0,22.0,-1.1373162791603126,77.0
hell,18.0,7.0,-1.1373162791603126,25.0
demolition,23.0,9.0,-1.1414148473739332,32.0
market,23.0,9.0,-1.1414148473739332,32.0
baby,23.0,9.0,-1.1414148473739332,32.0
not,530.0,213.0,-1.147870190434156,743.0
riot,26.0,10.0,-1.1703565409243204,36.0
did,74.0,29.0,-1.1712789802402015,103.0
miners,16.0,6.0,-1.1787079103572426,22.0
blaze,16.0,6.0,-1.1787079103572426,22.0
never,44.0,17.0,-1.1812039231613127,61.0
dad,11.0,4.0,-1.188390463754582,15.0
youtube,11.0,4.0,-1.188390463754582,15.0
guess,11.0,4.0,-1.188390463754582,15.0
apollo,11.0,4.0,-1.188390463754582,15.0
veterans,6.0,2.0,-1.2132651323936112,8.0
knew,6.0,2.0,-1.2132651323936112,8.0
feed,6.0,2.0,-1.2132651323936112,8.0
replace,6.0,2.0,-1.2132651323936112,8.0
parenthood,6.0,2.0,-1.2132651323936112,8.0
tips,6.0,2.0,-1.2132651323936112,8.0
twice,6.0,2.0,-1.2132651323936112,8.0
bro,6.0,2.0,-1.2132651323936112,8.0
player,6.0,2.0,-1.2132651323936112,8.0
lights,6.0,2.0,-1.2132651323936112,8.0
conference,6.0,2.0,-1.2132651323936112,8.0
followers,6.0,2.0,-1.2132651323936112,8.0
steve,6.0,2.0,-1.2132651323936112,8.0
rubber,6.0,2.0,-1.2132651323936112,8.0
trip,6.0,2.0,-1.2132651323936112,8.0
nah,6.0,2.0,-1.2132651323936112,8.0
arrived,6.0,2.0,-1.2132651323936112,8.0
deluged,19.0,7.0,-1.2132651323936112,26.0
wd,6.0,2.0,-1.2132651323936112,8.0
posts,6.0,2.0,-1.2132651323936112,8.0
grow,6.0,2.0,-1.2132651323936112,8.0
nursing,6.0,2.0,-1.2132651323936112,8.0
mini,6.0,2.0,-1.2132651323936112,8.0
brown,19.0,7.0,-1.2132651323936112,26.0
browser,6.0,2.0,-1.2132651323936112,8.0
charity,6.0,2.0,-1.2132651323936112,8.0
drinking,6.0,2.0,-1.2132651323936112,8.0
sports,6.0,2.0,-1.2132651323936112,8.0
spent,6.0,2.0,-1.2132651323936112,8.0
fall,32.0,12.0,-1.2132651323936114,44.0
best,53.0,20.0,-1.2186684909229446,73.0
injury,27.0,10.0,-1.2237957998857807,37.0
real,27.0,10.0,-1.2237957998857807,37.0
danger,27.0,10.0,-1.2237957998857807,37.0
hazard,27.0,10.0,-1.2237957998857807,37.0
talk,14.0,5.0,-1.2333028856301564,19.0
playing,14.0,5.0,-1.2333028856301564,19.0
wanted,14.0,5.0,-1.2333028856301564,19.0
thanks,22.0,8.0,-1.2391437642192167,30.0
kids,22.0,8.0,-1.2391437642192167,30.0
going,75.0,28.0,-1.2402682343002187,103.0
destroy,30.0,11.0,-1.2419288906457546,41.0
work,54.0,20.0,-1.2453858292987239,74.0
detonate,25.0,9.0,-1.2592513376677914,34.0
change,25.0,9.0,-1.2592513376677914,34.0
tv,17.0,6.0,-1.2635968079437556,23.0
effect,17.0,6.0,-1.2635968079437556,23.0
hollywood,17.0,6.0,-1.2635968079437556,23.0
just,234.0,86.0,-1.2735693940185333,320.0
kinda,9.0,3.0,-1.2753261005258627,12.0
cover,9.0,3.0,-1.2753261005258627,12.0
test,9.0,3.0,-1.2753261005258627,12.0
shape,9.0,3.0,-1.2753261005258627,12.0
sun,9.0,3.0,-1.2753261005258627,12.0
episode,9.0,3.0,-1.2753261005258627,12.0
catastrophe,28.0,10.0,-1.275326100525863,38.0
like,253.0,92.0,-1.2892139856269098,345.0
zone,23.0,8.0,-1.3018795195671793,31.0
annihilated,23.0,8.0,-1.3018795195671793,31.0
sirens,23.0,8.0,-1.3018795195671793,31.0
thought,23.0,8.0,-1.3018795195671793,31.0
businesses,12.0,4.0,-1.3086846974722937,16.0
series,12.0,4.0,-1.3086846974722937,16.0
party,12.0,4.0,-1.3086846974722937,16.0
oh,26.0,9.0,-1.314746450259495,35.0
apocalypse,26.0,9.0,-1.314746450259495,35.0
burned,29.0,10.0,-1.3250791357229625,39.0
level,15.0,5.0,-1.3295182008894593,20.0
friend,15.0,5.0,-1.3295182008894593,20.0
knock,15.0,5.0,-1.3295182008894593,20.0
ignition,15.0,5.0,-1.3295182008894593,20.0
gonna,32.0,11.0,-1.333559366111323,43.0
siren,18.0,6.0,-1.3437671566277392,24.0
having,21.0,7.0,-1.3541276682334606,28.0
pandemonium,24.0,8.0,-1.3620005120047503,32.0
got,85.0,29.0,-1.3699629746639381,114.0
girl,30.0,10.0,-1.3731734239240072,40.0
blood,33.0,11.0,-1.3772807435406411,44.0
loud,33.0,11.0,-1.3772807435406411,44.0
smoke,36.0,12.0,-1.380721878245174,48.0
read,48.0,16.0,-1.3902722319685556,64.0
trump,10.0,3.0,-1.4197160098610375,13.0
comes,13.0,4.0,-1.4197160098610375,17.0
maybe,19.0,6.0,-1.4197160098610375,25.0
stream,7.0,2.0,-1.4197160098610375,9.0
community,7.0,2.0,-1.4197160098610375,9.0
sign,13.0,4.0,-1.4197160098610375,17.0
worlds,10.0,3.0,-1.4197160098610375,13.0
good,67.0,22.0,-1.4197160098610375,89.0
gop,10.0,3.0,-1.4197160098610375,13.0
rn,7.0,2.0,-1.4197160098610375,9.0
tweet,13.0,4.0,-1.4197160098610375,17.0
amazon,7.0,2.0,-1.4197160098610375,9.0
wonder,13.0,4.0,-1.4197160098610375,17.0
won,7.0,2.0,-1.4197160098610375,9.0
completely,7.0,2.0,-1.4197160098610375,9.0
dark,7.0,2.0,-1.4197160098610375,9.0
david,7.0,2.0,-1.4197160098610375,9.0
data,19.0,6.0,-1.4197160098610375,25.0
download,13.0,4.0,-1.4197160098610375,17.0
none,7.0,2.0,-1.4197160098610375,9.0
kick,7.0,2.0,-1.4197160098610375,9.0
gm,7.0,2.0,-1.4197160098610375,9.0
weekend,10.0,3.0,-1.4197160098610375,13.0
press,10.0,3.0,-1.4197160098610375,13.0
list,7.0,2.0,-1.4197160098610375,9.0
sinking,34.0,11.0,-1.4197160098610375,45.0
lie,7.0,2.0,-1.4197160098610375,9.0
boys,7.0,2.0,-1.4197160098610375,9.0
making,22.0,7.0,-1.4197160098610377,29.0
gbbo,16.0,5.0,-1.4197160098610377,21.0
win,16.0,5.0,-1.4197160098610377,21.0
whats,22.0,7.0,-1.4197160098610377,29.0
class,16.0,5.0,-1.4197160098610377,21.0
phone,28.0,9.0,-1.4197160098610377,37.0
new,170.0,56.0,-1.428202475748866,226.0
great,47.0,15.0,-1.4504128070839541,62.0
face,35.0,11.0,-1.4609386725875504,46.0
free,32.0,10.0,-1.4648038993895758,42.0
know,85.0,27.0,-1.4712463105011198,112.0
twitter,26.0,8.0,-1.4752111224527413,34.0
beautiful,23.0,7.0,-1.4824517652090001,30.0
sound,23.0,7.0,-1.4824517652090001,30.0
need,55.0,17.0,-1.499886358545021,72.0
hat,17.0,5.0,-1.5046049074475507,22.0
desolate,17.0,5.0,-1.5046049074475507,22.0
seen,17.0,5.0,-1.5046049074475507,22.0
chile,14.0,4.0,-1.5228095028251412,18.0
follow,14.0,4.0,-1.5228095028251412,18.0
god,43.0,13.0,-1.5228095028251412,56.0
eye,14.0,4.0,-1.5228095028251412,18.0
think,66.0,20.0,-1.5324839400229873,86.0
goes,24.0,7.0,-1.542572757646571,31.0
doing,24.0,7.0,-1.542572757646571,31.0
light,24.0,7.0,-1.542572757646571,31.0
wreck,47.0,14.0,-1.546628122343257,61.0
open,11.0,3.0,-1.55096054313929,14.0
lady,11.0,3.0,-1.55096054313929,14.0
means,11.0,3.0,-1.55096054313929,14.0
direction,11.0,3.0,-1.55096054313929,14.0
fear,44.0,13.0,-1.5555994379428106,57.0
trying,21.0,6.0,-1.5605785457008872,27.0
yes,21.0,6.0,-1.5605785457008872,27.0
things,28.0,8.0,-1.5801806820542839,36.0
eyes,18.0,5.0,-1.5847752561315338,23.0
really,55.0,16.0,-1.5847752561315338,71.0
pretty,18.0,5.0,-1.5847752561315338,23.0
online,18.0,5.0,-1.5847752561315338,23.0
bad,35.0,10.0,-1.5921832058658032,45.0
ks,8.0,2.0,-1.6002882555028584,10.0
son,8.0,2.0,-1.6002882555028584,10.0
word,8.0,2.0,-1.6002882555028584,10.0
hold,8.0,2.0,-1.6002882555028584,10.0
woke,8.0,2.0,-1.6002882555028584,10.0
perfect,8.0,2.0,-1.6002882555028584,10.0
football,8.0,2.0,-1.6002882555028584,10.0
common,8.0,2.0,-1.6002882555028584,10.0
beat,8.0,2.0,-1.6002882555028584,10.0
lose,8.0,2.0,-1.6002882555028584,10.0
yo,8.0,2.0,-1.6002882555028584,10.0
build,8.0,2.0,-1.6002882555028584,10.0
social,8.0,2.0,-1.6002882555028584,10.0
books,8.0,2.0,-1.6002882555028584,10.0
radio,15.0,4.0,-1.6190248180844442,19.0
star,15.0,4.0,-1.6190248180844442,19.0
ai,15.0,4.0,-1.6190248180844442,19.0
guy,15.0,4.0,-1.6190248180844442,19.0
blue,15.0,4.0,-1.6190248180844442,19.0
pay,15.0,4.0,-1.6190248180844442,19.0
try,15.0,4.0,-1.6190248180844442,19.0
guys,22.0,6.0,-1.6261668873284638,28.0
sunk,29.0,8.0,-1.6299337172513833,37.0
quarantine,29.0,8.0,-1.6299337172513833,37.0
game,29.0,8.0,-1.6299337172513833,37.0
low,19.0,5.0,-1.6607241093648326,24.0
tried,12.0,3.0,-1.6712547768570019,15.0
sex,12.0,3.0,-1.6712547768570019,15.0
secret,12.0,3.0,-1.6712547768570019,15.0
cree,12.0,3.0,-1.6712547768570019,15.0
start,23.0,6.0,-1.6889026426764266,29.0
hellfire,23.0,6.0,-1.6889026426764266,29.0
haha,16.0,4.0,-1.7092226270560225,20.0
bang,27.0,7.0,-1.7092226270560225,34.0
listen,16.0,4.0,-1.7092226270560225,20.0
friends,16.0,4.0,-1.7092226270560225,20.0
loved,9.0,2.0,-1.7607529276961045,11.0
lead,9.0,2.0,-1.7607529276961045,11.0
reading,9.0,2.0,-1.7607529276961045,11.0
yall,9.0,2.0,-1.7607529276961045,11.0
ask,9.0,2.0,-1.7607529276961045,11.0
selfimage,9.0,2.0,-1.7607529276961045,11.0
brought,9.0,2.0,-1.7607529276961045,11.0
ross,9.0,2.0,-1.7607529276961045,11.0
round,9.0,2.0,-1.7607529276961045,11.0
emmerdale,9.0,2.0,-1.7607529276961045,11.0
feels,9.0,2.0,-1.7607529276961045,11.0
battle,28.0,7.0,-1.7607529276961047,35.0
stock,28.0,7.0,-1.7607529276961047,35.0
unconfirmed,13.0,3.0,-1.7822860892457457,16.0
niggas,13.0,3.0,-1.7822860892457457,16.0
thinking,13.0,3.0,-1.7822860892457457,16.0
biggest,13.0,3.0,-1.7822860892457457,16.0
bed,13.0,3.0,-1.7822860892457457,16.0
neighbours,13.0,3.0,-1.7822860892457457,16.0
lamp,13.0,3.0,-1.7822860892457457,16.0
night,40.0,10.0,-1.782286089245746,50.0
mom,17.0,4.0,-1.7941115246425352,21.0
stand,17.0,4.0,-1.7941115246425352,21.0
avalanche,21.0,5.0,-1.801586645204682,26.0
wait,21.0,5.0,-1.801586645204682,26.0
sure,25.0,6.0,-1.8067391329702847,31.0
dont,29.0,7.0,-1.8105059628932043,36.0
head,34.0,8.0,-1.855815124667711,42.0
thank,26.0,6.0,-1.8622342455619882,32.0
okay,18.0,4.0,-1.874281873326519,22.0
spot,18.0,4.0,-1.874281873326519,22.0
added,14.0,3.0,-1.8853795822098496,17.0
petition,10.0,2.0,-1.9051428370312793,12.0
wish,10.0,2.0,-1.9051428370312793,12.0
tablet,10.0,2.0,-1.9051428370312793,12.0
door,10.0,2.0,-1.9051428370312793,12.0
girls,10.0,2.0,-1.9051428370312793,12.0
future,10.0,2.0,-1.9051428370312793,12.0
michael,10.0,2.0,-1.9051428370312793,12.0
feat,10.0,2.0,-1.9051428370312793,12.0
lot,27.0,6.0,-1.9156735045234488,33.0
screams,27.0,6.0,-1.9156735045234488,33.0
meltdown,27.0,6.0,-1.9156735045234488,33.0
policy,23.0,5.0,-1.9299107421802215,28.0
words,23.0,5.0,-1.9299107421802215,28.0
feeling,19.0,4.0,-1.9502307265598173,23.0
fuck,32.0,7.0,-1.9502307265598173,39.0
blown,28.0,6.0,-1.967203805163531,34.0
desolation,28.0,6.0,-1.967203805163531,34.0
vs,15.0,3.0,-1.9815948974691524,18.0
trust,15.0,3.0,-1.9815948974691524,18.0
link,15.0,3.0,-1.9815948974691524,18.0
upheaval,24.0,5.0,-1.9900317346177923,29.0
ass,42.0,9.0,-1.9962169318339977,51.0
check,38.0,8.0,-2.0140772085844434,46.0
inundated,29.0,6.0,-2.0169568403606304,35.0
pick,20.0,4.0,-2.0223805123156526,24.0
bar,20.0,4.0,-2.0223805123156526,24.0
funny,11.0,2.0,-2.036387370309532,13.0
games,11.0,2.0,-2.036387370309532,13.0
absolutely,11.0,2.0,-2.036387370309532,13.0
answer,11.0,2.0,-2.036387370309532,13.0
nigga,11.0,2.0,-2.036387370309532,13.0
fan,25.0,5.0,-2.0477472324740797,30.0
appears,16.0,3.0,-2.0717927064407307,19.0
looking,16.0,3.0,-2.0717927064407307,19.0
blizzard,16.0,3.0,-2.0717927064407307,19.0
job,21.0,4.0,-2.0910932623996668,25.0
deluge,31.0,6.0,-2.1115937144987056,37.0
feel,46.0,9.0,-2.125984806804327,55.0
meek,17.0,3.0,-2.1566816040272436,20.0
lord,17.0,3.0,-2.1566816040272436,20.0
want,67.0,13.0,-2.1566816040272436,80.0
offroad,12.0,2.0,-2.1566816040272436,14.0
let,52.0,10.0,-2.1566816040272436,62.0
twister,32.0,6.0,-2.1566816040272436,38.0
gets,22.0,4.0,-2.1566816040272436,26.0
demolish,27.0,5.0,-2.1566816040272436,32.0
sorry,17.0,3.0,-2.1566816040272436,20.0
bloody,37.0,7.0,-2.156681604027244,44.0
liked,37.0,7.0,-2.156681604027244,44.0
reddit,38.0,7.0,-2.1946494542262642,45.0
soon,28.0,5.0,-2.208211904667326,33.0
flattened,28.0,5.0,-2.208211904667326,33.0
banned,18.0,3.0,-2.236851952711227,21.0
womens,18.0,3.0,-2.236851952711227,21.0
drown,29.0,5.0,-2.2579649398644257,34.0
trouble,29.0,5.0,-2.2579649398644257,34.0
lava,29.0,5.0,-2.2579649398644257,34.0
playlist,13.0,2.0,-2.2677129164159875,15.0
super,13.0,2.0,-2.2677129164159875,15.0
content,46.0,8.0,-2.2864494789975733,54.0
bleeding,30.0,5.0,-2.3060592280654704,35.0
wanna,30.0,5.0,-2.3060592280654704,35.0
space,19.0,3.0,-2.3128008059445255,22.0
fun,25.0,4.0,-2.3372538496690645,29.0
long,31.0,5.0,-2.3526018140025005,36.0
screaming,37.0,6.0,-2.36313248149467,43.0
soul,14.0,2.0,-2.370806409380091,16.0
seeing,14.0,2.0,-2.370806409380091,16.0
drake,14.0,2.0,-2.370806409380091,16.0
earth,14.0,2.0,-2.370806409380091,16.0
likely,14.0,2.0,-2.370806409380091,16.0
miss,14.0,2.0,-2.370806409380091,16.0
shes,20.0,3.0,-2.384950591700361,23.0
probably,20.0,3.0,-2.384950591700361,23.0
obliterate,26.0,4.0,-2.392748962260768,30.0
obliteration,26.0,4.0,-2.392748962260768,30.0
curfew,32.0,5.0,-2.3976897035310385,37.0
hes,39.0,6.0,-2.438094539175892,45.0
crushed,27.0,4.0,-2.4461882212222283,31.0
bagging,27.0,4.0,-2.4461882212222283,31.0
obliterated,27.0,4.0,-2.4461882212222283,31.0
makes,21.0,3.0,-2.453663341784375,24.0
hey,21.0,3.0,-2.453663341784375,24.0
led,15.0,2.0,-2.467021724639394,17.0
subreddits,15.0,2.0,-2.467021724639394,17.0
fucking,40.0,6.0,-2.474163793883414,46.0
lol,61.0,9.0,-2.5293405010355356,70.0
collide,29.0,4.0,-2.5474715570594104,33.0
reddits,16.0,2.0,-2.5572195336109727,18.0
quiz,16.0,2.0,-2.5572195336109727,18.0
favorite,16.0,2.0,-2.5572195336109727,18.0
offensive,23.0,3.0,-2.581987438759915,26.0
ladies,17.0,2.0,-2.6421084311974856,19.0
armageddon,32.0,4.0,-2.6871963207260237,36.0
screamed,32.0,4.0,-2.6871963207260237,36.0
music,26.0,3.0,-2.7553190416454765,29.0
lets,34.0,4.0,-2.773352964475738,38.0
cross,42.0,5.0,-2.784712826640286,47.0
stretcher,19.0,2.0,-2.7982276331147675,21.0
jobs,19.0,2.0,-2.7982276331147675,21.0
wrong,19.0,2.0,-2.7982276331147675,21.0
self,19.0,2.0,-2.7982276331147675,21.0
love,90.0,11.0,-2.811037440166074,101.0
panic,36.0,4.0,-2.8546530665775864,40.0
explode,36.0,4.0,-2.8546530665775864,40.0
book,21.0,2.0,-2.9390901689546167,23.0
finally,21.0,2.0,-2.9390901689546167,23.0
happy,21.0,2.0,-2.9390901689546167,23.0
body,113.0,12.0,-3.0174458066560716,125.0
traumatised,32.0,3.0,-3.049766400110732,35.0
blight,23.0,2.0,-3.0674142659301564,25.0
crush,33.0,3.0,-3.0934877775400498,36.0
better,33.0,3.0,-3.0934877775400498,36.0
play,24.0,2.0,-3.1275352583677276,26.0
nowplaying,24.0,2.0,-3.1275352583677276,26.0
wrecked,36.0,3.0,-3.2172231459622944,39.0
shoulder,28.0,2.0,-3.345715428417261,30.0
blazing,28.0,2.0,-3.345715428417261,30.0
song,29.0,2.0,-3.3954684636143604,31.0
panicking,31.0,2.0,-3.4901053377524356,33.0
blew,32.0,2.0,-3.5351932272809736,34.0
harm,35.0,2.0,-3.662572533757201,37.0
brain,8.0,0.0,-3.9222163503902205,8.0
ww,8.0,0.0,-3.9222163503902205,8.0
dream,8.0,0.0,-3.9222163503902205,8.0
access,8.0,0.0,-3.9222163503902205,8.0
fleets,8.0,0.0,-3.9222163503902205,8.0
crying,8.0,0.0,-3.9222163503902205,8.0
asked,8.0,0.0,-3.9222163503902205,8.0
da,8.0,0.0,-3.9222163503902205,8.0
guns,8.0,0.0,-3.9222163503902205,8.0
hands,8.0,0.0,-3.9222163503902205,8.0
somebody,8.0,0.0,-3.9222163503902205,8.0
facebook,8.0,0.0,-3.9222163503902205,8.0
sale,8.0,0.0,-3.9222163503902205,8.0
releases,8.0,0.0,-3.9222163503902205,8.0
cook,8.0,0.0,-3.9222163503902205,8.0
lil,8.0,0.0,-3.9222163503902205,8.0
practice,8.0,0.0,-3.9222163503902205,8.0
directioners,8.0,0.0,-3.9222163503902205,8.0
tickets,8.0,0.0,-3.9222163503902205,8.0
disco,8.0,0.0,-3.9222163503902205,8.0
ceo,8.0,0.0,-3.9222163503902205,8.0
pop,8.0,0.0,-3.9222163503902205,8.0
bb,8.0,0.0,-3.9222163503902205,8.0
totaling,8.0,0.0,-3.9222163503902205,8.0
beyonce,8.0,0.0,-3.9222163503902205,8.0
unless,8.0,0.0,-3.9222163503902205,8.0
easy,8.0,0.0,-3.9222163503902205,8.0
disney,8.0,0.0,-3.9222163503902205,8.0
original,8.0,0.0,-3.9222163503902205,8.0
kombat,8.0,0.0,-3.9222163503902205,8.0
mary,8.0,0.0,-3.9222163503902205,8.0
beyhive,8.0,0.0,-3.9222163503902205,8.0
disneys,8.0,0.0,-3.9222163503902205,8.0
inundation,8.0,0.0,-3.9222163503902205,8.0
mortal,8.0,0.0,-3.9222163503902205,8.0
joe,8.0,0.0,-3.9222163503902205,8.0
dnb,8.0,0.0,-3.9222163503902205,8.0
sensor,8.0,0.0,-3.9222163503902205,8.0
tired,9.0,0.0,-4.082681022583467,9.0
combo,9.0,0.0,-4.082681022583467,9.0
desires,9.0,0.0,-4.082681022583467,9.0
limited,9.0,0.0,-4.082681022583467,9.0
epicentre,9.0,0.0,-4.082681022583467,9.0
character,9.0,0.0,-4.082681022583467,9.0
hilarious,9.0,0.0,-4.082681022583467,9.0
sit,9.0,0.0,-4.082681022583467,9.0
kindle,9.0,0.0,-4.082681022583467,9.0
secrets,9.0,0.0,-4.082681022583467,9.0
fantasy,9.0,0.0,-4.082681022583467,9.0
paul,9.0,0.0,-4.082681022583467,9.0
welcome,9.0,0.0,-4.082681022583467,9.0
stage,9.0,0.0,-4.082681022583467,9.0
gay,9.0,0.0,-4.082681022583467,9.0
apply,9.0,0.0,-4.082681022583467,9.0
colour,9.0,0.0,-4.082681022583467,9.0
block,9.0,0.0,-4.082681022583467,9.0
pile,9.0,0.0,-4.082681022583467,9.0
hobo,9.0,0.0,-4.082681022583467,9.0
hobbit,9.0,0.0,-4.082681022583467,9.0
sleeping,9.0,0.0,-4.082681022583467,9.0
screen,9.0,0.0,-4.082681022583467,9.0
opening,9.0,0.0,-4.082681022583467,9.0
ps,9.0,0.0,-4.082681022583467,9.0
emotional,10.0,0.0,-4.227070931918641,10.0
version,10.0,0.0,-4.227070931918641,10.0
jeb,10.0,0.0,-4.227070931918641,10.0
technology,10.0,0.0,-4.227070931918641,10.0
bitch,10.0,0.0,-4.227070931918641,10.0
shall,10.0,0.0,-4.227070931918641,10.0
birthday,10.0,0.0,-4.227070931918641,10.0
ice,10.0,0.0,-4.227070931918641,10.0
straight,10.0,0.0,-4.227070931918641,10.0
glass,10.0,0.0,-4.227070931918641,10.0
handbags,10.0,0.0,-4.227070931918641,10.0
reasons,10.0,0.0,-4.227070931918641,10.0
purse,11.0,0.0,-4.3583154651968945,11.0
feet,11.0,0.0,-4.3583154651968945,11.0
lucky,11.0,0.0,-4.3583154651968945,11.0
complete,11.0,0.0,-4.3583154651968945,11.0
drink,11.0,0.0,-4.3583154651968945,11.0
cable,11.0,0.0,-4.3583154651968945,11.0
guide,11.0,0.0,-4.3583154651968945,11.0
edm,11.0,0.0,-4.3583154651968945,11.0
text,11.0,0.0,-4.3583154651968945,11.0
smaug,11.0,0.0,-4.3583154651968945,11.0
louis,12.0,0.0,-4.478609698914606,12.0
faux,12.0,0.0,-4.478609698914606,12.0
buy,12.0,0.0,-4.478609698914606,12.0
join,12.0,0.0,-4.478609698914606,12.0
cat,12.0,0.0,-4.478609698914606,12.0
broke,12.0,0.0,-4.478609698914606,12.0
wedding,12.0,0.0,-4.478609698914606,12.0
nice,12.0,0.0,-4.478609698914606,12.0
hair,12.0,0.0,-4.478609698914606,12.0
saying,12.0,0.0,-4.478609698914606,12.0
career,13.0,0.0,-4.58964101130335,13.0
album,13.0,0.0,-4.58964101130335,13.0
art,13.0,0.0,-4.58964101130335,13.0
dance,13.0,0.0,-4.58964101130335,13.0
tote,14.0,0.0,-4.692734504267453,14.0
wants,14.0,0.0,-4.692734504267453,14.0
handbag,14.0,0.0,-4.692734504267453,14.0
king,14.0,0.0,-4.692734504267453,14.0
mode,15.0,0.0,-4.788949819526756,15.0
fashion,15.0,0.0,-4.788949819526756,15.0
awesome,15.0,0.0,-4.788949819526756,15.0
ancient,16.0,0.0,-4.879147628498335,16.0
hiring,16.0,0.0,-4.879147628498335,16.0
lmao,16.0,0.0,-4.879147628498335,16.0
cake,18.0,0.0,-5.044206874768832,18.0
aftershock,19.0,0.0,-5.120155728002129,19.0
mayhem,19.0,0.0,-5.120155728002129,19.0
ball,20.0,0.0,-5.192305513757965,20.0
leather,21.0,0.0,-5.261018263841979,21.0
electrocute,27.0,0.0,-5.6161132226645405,27.0
ebay,29.0,0.0,-5.717396558501723,29.0
ruin,37.0,0.0,-6.063572199635763,37.0
bag,40.0,0.0,-6.174603512024507,40.0
bags,43.0,0.0,-6.277697004988609,43.0
